[{"model": "admin.logentry", "pk": 1, "fields": {"action_time": "2024-11-08T18:03:41.033Z", "user": 1, "content_type": 7, "object_id": "1", "object_repr": "admin@admin.com", "action_flag": 1, "change_message": "[{\"added\": {}}]"}}, {"model": "admin.logentry", "pk": 2, "fields": {"action_time": "2024-11-08T18:04:17.857Z", "user": 1, "content_type": 6, "object_id": "2", "object_repr": "test@test.com", "action_flag": 1, "change_message": "[{\"added\": {}}]"}}, {"model": "admin.logentry", "pk": 3, "fields": {"action_time": "2025-01-24T17:48:50.240Z", "user": 1, "content_type": 10, "object_id": "4", "object_repr": "050ff7ca1037276bd8e23d05d13553c273b5a47d", "action_flag": 1, "change_message": "[{\"added\": {}}]"}}, {"model": "admin.logentry", "pk": 4, "fields": {"action_time": "2025-01-25T09:24:35.584Z", "user": 1, "content_type": 6, "object_id": "1", "object_repr": "admin@admin.com", "action_flag": 2, "change_message": "[{\"changed\": {\"fields\": [\"Is verified\"]}}]"}}, {"model": "admin.logentry", "pk": 5, "fields": {"action_time": "2025-01-26T11:03:46.096Z", "user": 1, "content_type": 6, "object_id": "14", "object_repr": "user10@example.com", "action_flag": 3, "change_message": ""}}, {"model": "admin.logentry", "pk": 6, "fields": {"action_time": "2025-01-26T11:03:46.099Z", "user": 1, "content_type": 6, "object_id": "15", "object_repr": "user11@example.com", "action_flag": 3, "change_message": ""}}, {"model": "admin.logentry", "pk": 7, "fields": {"action_time": "2025-01-26T11:03:46.101Z", "user": 1, "content_type": 6, "object_id": "6", "object_repr": "user2@example.com", "action_flag": 3, "change_message": ""}}, {"model": "admin.logentry", "pk": 8, "fields": {"action_time": "2025-01-26T11:03:46.104Z", "user": 1, "content_type": 6, "object_id": "7", "object_repr": "user3@example.com", "action_flag": 3, "change_message": ""}}, {"model": "admin.logentry", "pk": 9, "fields": {"action_time": "2025-01-26T11:03:46.107Z", "user": 1, "content_type": 6, "object_id": "8", "object_repr": "user4@example.com", "action_flag": 3, "change_message": ""}}, {"model": "admin.logentry", "pk": 10, "fields": {"action_time": "2025-01-26T11:03:46.109Z", "user": 1, "content_type": 6, "object_id": "9", "object_repr": "user5@example.com", "action_flag": 3, "change_message": ""}}, {"model": "admin.logentry", "pk": 11, "fields": {"action_time": "2025-01-26T11:03:46.112Z", "user": 1, "content_type": 6, "object_id": "10", "object_repr": "user6@example.com", "action_flag": 3, "change_message": ""}}, {"model": "admin.logentry", "pk": 12, "fields": {"action_time": "2025-01-26T11:03:46.114Z", "user": 1, "content_type": 6, "object_id": "11", "object_repr": "user7@example.com", "action_flag": 3, "change_message": ""}}, {"model": "admin.logentry", "pk": 13, "fields": {"action_time": "2025-01-26T11:03:46.116Z", "user": 1, "content_type": 6, "object_id": "12", "object_repr": "user8@example.com", "action_flag": 3, "change_message": ""}}, {"model": "admin.logentry", "pk": 14, "fields": {"action_time": "2025-01-26T11:03:46.117Z", "user": 1, "content_type": 6, "object_id": "13", "object_repr": "user9@example.com", "action_flag": 3, "change_message": ""}}, {"model": "admin.logentry", "pk": 15, "fields": {"action_time": "2025-01-26T11:03:46.119Z", "user": 1, "content_type": 6, "object_id": "5", "object_repr": "user@example.com", "action_flag": 3, "change_message": ""}}, {"model": "auth.permission", "pk": 1, "fields": {"name": "Can add log entry", "content_type": 1, "codename": "add_logentry"}}, {"model": "auth.permission", "pk": 2, "fields": {"name": "Can change log entry", "content_type": 1, "codename": "change_logentry"}}, {"model": "auth.permission", "pk": 3, "fields": {"name": "Can delete log entry", "content_type": 1, "codename": "delete_logentry"}}, {"model": "auth.permission", "pk": 4, "fields": {"name": "Can view log entry", "content_type": 1, "codename": "view_logentry"}}, {"model": "auth.permission", "pk": 5, "fields": {"name": "Can add permission", "content_type": 2, "codename": "add_permission"}}, {"model": "auth.permission", "pk": 6, "fields": {"name": "Can change permission", "content_type": 2, "codename": "change_permission"}}, {"model": "auth.permission", "pk": 7, "fields": {"name": "Can delete permission", "content_type": 2, "codename": "delete_permission"}}, {"model": "auth.permission", "pk": 8, "fields": {"name": "Can view permission", "content_type": 2, "codename": "view_permission"}}, {"model": "auth.permission", "pk": 9, "fields": {"name": "Can add group", "content_type": 3, "codename": "add_group"}}, {"model": "auth.permission", "pk": 10, "fields": {"name": "Can change group", "content_type": 3, "codename": "change_group"}}, {"model": "auth.permission", "pk": 11, "fields": {"name": "Can delete group", "content_type": 3, "codename": "delete_group"}}, {"model": "auth.permission", "pk": 12, "fields": {"name": "Can view group", "content_type": 3, "codename": "view_group"}}, {"model": "auth.permission", "pk": 13, "fields": {"name": "Can add content type", "content_type": 4, "codename": "add_contenttype"}}, {"model": "auth.permission", "pk": 14, "fields": {"name": "Can change content type", "content_type": 4, "codename": "change_contenttype"}}, {"model": "auth.permission", "pk": 15, "fields": {"name": "Can delete content type", "content_type": 4, "codename": "delete_contenttype"}}, {"model": "auth.permission", "pk": 16, "fields": {"name": "Can view content type", "content_type": 4, "codename": "view_contenttype"}}, {"model": "auth.permission", "pk": 17, "fields": {"name": "Can add session", "content_type": 5, "codename": "add_session"}}, {"model": "auth.permission", "pk": 18, "fields": {"name": "Can change session", "content_type": 5, "codename": "change_session"}}, {"model": "auth.permission", "pk": 19, "fields": {"name": "Can delete session", "content_type": 5, "codename": "delete_session"}}, {"model": "auth.permission", "pk": 20, "fields": {"name": "Can view session", "content_type": 5, "codename": "view_session"}}, {"model": "auth.permission", "pk": 21, "fields": {"name": "Can add custom user", "content_type": 6, "codename": "add_customuser"}}, {"model": "auth.permission", "pk": 22, "fields": {"name": "Can change custom user", "content_type": 6, "codename": "change_customuser"}}, {"model": "auth.permission", "pk": 23, "fields": {"name": "Can delete custom user", "content_type": 6, "codename": "delete_customuser"}}, {"model": "auth.permission", "pk": 24, "fields": {"name": "Can view custom user", "content_type": 6, "codename": "view_customuser"}}, {"model": "auth.permission", "pk": 25, "fields": {"name": "Can add profile", "content_type": 7, "codename": "add_profile"}}, {"model": "auth.permission", "pk": 26, "fields": {"name": "Can change profile", "content_type": 7, "codename": "change_profile"}}, {"model": "auth.permission", "pk": 27, "fields": {"name": "Can delete profile", "content_type": 7, "codename": "delete_profile"}}, {"model": "auth.permission", "pk": 28, "fields": {"name": "Can view profile", "content_type": 7, "codename": "view_profile"}}, {"model": "auth.permission", "pk": 29, "fields": {"name": "Can add duty", "content_type": 8, "codename": "add_duty"}}, {"model": "auth.permission", "pk": 30, "fields": {"name": "Can change duty", "content_type": 8, "codename": "change_duty"}}, {"model": "auth.permission", "pk": 31, "fields": {"name": "Can delete duty", "content_type": 8, "codename": "delete_duty"}}, {"model": "auth.permission", "pk": 32, "fields": {"name": "Can view duty", "content_type": 8, "codename": "view_duty"}}, {"model": "auth.permission", "pk": 33, "fields": {"name": "Can add Token", "content_type": 9, "codename": "add_token"}}, {"model": "auth.permission", "pk": 34, "fields": {"name": "Can change Token", "content_type": 9, "codename": "change_token"}}, {"model": "auth.permission", "pk": 35, "fields": {"name": "Can delete Token", "content_type": 9, "codename": "delete_token"}}, {"model": "auth.permission", "pk": 36, "fields": {"name": "Can view Token", "content_type": 9, "codename": "view_token"}}, {"model": "auth.permission", "pk": 37, "fields": {"name": "Can add Token", "content_type": 10, "codename": "add_tokenproxy"}}, {"model": "auth.permission", "pk": 38, "fields": {"name": "Can change Token", "content_type": 10, "codename": "change_tokenproxy"}}, {"model": "auth.permission", "pk": 39, "fields": {"name": "Can delete Token", "content_type": 10, "codename": "delete_tokenproxy"}}, {"model": "auth.permission", "pk": 40, "fields": {"name": "Can view Token", "content_type": 10, "codename": "view_tokenproxy"}}, {"model": "contenttypes.contenttype", "pk": 1, "fields": {"app_label": "admin", "model": "logentry"}}, {"model": "contenttypes.contenttype", "pk": 2, "fields": {"app_label": "auth", "model": "permission"}}, {"model": "contenttypes.contenttype", "pk": 3, "fields": {"app_label": "auth", "model": "group"}}, {"model": "contenttypes.contenttype", "pk": 4, "fields": {"app_label": "contenttypes", "model": "contenttype"}}, {"model": "contenttypes.contenttype", "pk": 5, "fields": {"app_label": "sessions", "model": "session"}}, {"model": "contenttypes.contenttype", "pk": 6, "fields": {"app_label": "authtoken", "model": "token"}}, {"model": "contenttypes.contenttype", "pk": 7, "fields": {"app_label": "authtoken", "model": "tokenproxy"}}, {"model": "contenttypes.contenttype", "pk": 8, "fields": {"app_label": "accounts", "model": "customuser"}}, {"model": "contenttypes.contenttype", "pk": 9, "fields": {"app_label": "accounts", "model": "profile"}}, {"model": "contenttypes.contenttype", "pk": 10, "fields": {"app_label": "duties", "model": "duty"}}, {"model": "sessions.session", "pk": "ambv1f539p57ed0t0kfq7fahap4qygjv", "fields": {"session_data": ".eJxVjEsOAiEQBe_C2hCaT4Mu3c8ZSNOAM2ogmc_KeHedZBa6fVX1XiLSto5xW8ocpywuAsTpd0vEj9J2kO_Ubl1yb-s8Jbkr8qCLHHouz-vh_h2MtIzfuha0xngTQCsGch7RArjkVEHUhFnrygCGNdhKbDEZ9qQIQwhoy1m8P7MmNtE:1tA7my:BW-7TR8QQ5CkklwTU8C1dYWNasC-6ZWFd6Y_FPZbExI", "expire_date": "2024-11-24T13:15:36.222Z"}}, {"model": "sessions.session", "pk": "h4wa947v2r1xr08vwyttfd5tu899tcd9", "fields": {"session_data": ".eJxVjDsOwjAQRO_iGln-4Q8lPWew1rs2DiBHipMKcXdiKQVUI715M28WYVtr3Hpe4kTswhQ7_bIE-MxtFPSAdp85zm1dpsSHwo-289tM-XU93L-DCr2OdUAtwQTnSwnJeydlsUp4p3VRiKRoB9ngHkZafwYS2jrQzgubFRL7fAHW_Dd4:1tV8nW:AcrsRQnjAcPyWQRSrAmHJ7Tl94JG7QDLH4MJ9lrK2pU", "expire_date": "2025-01-21T12:35:02.602Z"}}, {"model": "sessions.session", "pk": "ivi66oi86jmcp4nj29uqcc5s4v7m40u7", "fields": {"session_data": ".eJxVjEsOAiEQBe_C2hCaT4Mu3c8ZSNOAM2ogmc_KeHedZBa6fVX1XiLSto5xW8ocpywuAsTpd0vEj9J2kO_Ubl1yb-s8Jbkr8qCLHHouz-vh_h2MtIzfuha0xngTQCsGch7RArjkVEHUhFnrygCGNdhKbDEZ9qQIQwhoy1m8P7MmNtE:1tA2eS:GMOKNTm5Ll1eiCzxieR1HVtRJerS28zBg9XBAagYNB8", "expire_date": "2024-11-24T07:46:28.867Z"}}, {"model": "sessions.session", "pk": "qp500ogg93r02kgx4if3l6jexhy056vy", "fields": {"session_data": ".eJxVjDsOwyAQBe9CHSE-C4iU6XMGtMASnEQgGbuycvfYkoukfTPzNhZwXWpYB81hyuzKJLv8bhHTi9oB8hPbo_PU2zJPkR8KP-ng957pfTvdv4OKo-61kUCYSHiTJFmy0aCLVmEByjJr44vxAGCVzgZKcSS1QC12NTmvILLPF_E-OAM:1tjzaz:ki063MumdCbDywQ37zNI5GrfnncHI2IAZBb_7Y3DEDc", "expire_date": "2025-03-03T11:47:29.763Z"}}, {"model": "authtoken.token", "pk": "050ff7ca1037276bd8e23d05d13553c273b5a47d", "fields": {"user": 4, "created": "2025-01-24T17:48:50.239Z"}}, {"model": "accounts.customuser", "pk": 1, "fields": {"password": "pbkdf2_sha256$600000$Pz4bJXTncWwBOKBi518L1C$dfgXxI2DLg+yHq9sDa4OTsp4xCLAL7wI7S2aOdH/mH0=", "last_login": "2025-02-17T11:47:29.758Z", "email": "admin@admin.com", "is_superuser": true, "is_staff": true, "is_active": true, "is_verified": true, "created_date": "2024-11-08T17:22:26.569Z", "updated_date": "2025-01-25T09:24:35.579Z", "groups": [], "user_permissions": []}}, {"model": "accounts.customuser", "pk": 2, "fields": {"password": "pbkdf2_sha256$600000$1OLKHq1QVGAYqSe46QEaWP$o2CRk9etdCEzwy8UF0cWHUeDHwKt2NHaU17jBvBoRdU=", "last_login": "2025-01-26T08:05:09.980Z", "email": "test@test.com", "is_superuser": false, "is_staff": false, "is_active": true, "is_verified": false, "created_date": "2024-11-08T18:04:17.855Z", "updated_date": "2024-11-08T18:04:17.855Z", "groups": [], "user_permissions": []}}, {"model": "accounts.customuser", "pk": 3, "fields": {"password": "pbkdf2_sha256$600000$OgpTeMltwimPxZOLTQ1Xql$o0ZunKl0eWdJf/k8lc9WcKBFxnlZUOpjklfTLEe2+44=", "last_login": "2025-01-26T07:59:01.271Z", "email": "test8@test.com", "is_superuser": false, "is_staff": false, "is_active": true, "is_verified": false, "created_date": "2024-11-09T11:52:45.094Z", "updated_date": "2024-11-09T18:50:33.558Z", "groups": [], "user_permissions": []}}, {"model": "accounts.customuser", "pk": 4, "fields": {"password": "pbkdf2_sha256$600000$BTDImvppqJpZ5w2iKrhY1J$1ENb+sM59FkRngboQPR5yPMzl8qfeFUVt7VdHAtg3s0=", "last_login": "2025-01-26T17:19:22.780Z", "email": "sdg.mhz@gmail.com", "is_superuser": false, "is_staff": false, "is_active": true, "is_verified": true, "created_date": "2025-01-24T17:33:40.627Z", "updated_date": "2025-01-26T17:29:14.568Z", "groups": [], "user_permissions": []}}, {"model": "accounts.customuser", "pk": 16, "fields": {"password": "pbkdf2_sha256$600000$k0uAnk7948FvtwN8NHvq9X$Viw//UI97FGFNamYCEV4VidMXWsjfM0e9Be8/7uxyrU=", "last_login": null, "email": "user@example.com", "is_superuser": false, "is_staff": false, "is_active": true, "is_verified": false, "created_date": "2025-01-26T11:04:37.143Z", "updated_date": "2025-01-26T11:04:37.143Z", "groups": [], "user_permissions": []}}, {"model": "accounts.customuser", "pk": 17, "fields": {"password": "pbkdf2_sha256$600000$Zgoqn0xOAeZJSemJYIbneN$rKArotYMWS2KitjEdEMFdP3+SKY98PpqeqnzhpCxoT0=", "last_login": null, "email": "user2@example.com", "is_superuser": false, "is_staff": false, "is_active": true, "is_verified": true, "created_date": "2025-01-26T11:10:53.596Z", "updated_date": "2025-01-26T11:11:20.307Z", "groups": [], "user_permissions": []}}, {"model": "accounts.customuser", "pk": 18, "fields": {"password": "pbkdf2_sha256$600000$GGHTQZXV2F4sI8TLZUi8PR$flZqVv09ouT3PKn4Gr/Mau3QCymHNFpwXN+EJcwPe8s=", "last_login": null, "email": "ltaylor@example.org", "is_superuser": false, "is_staff": false, "is_active": true, "is_verified": false, "created_date": "2025-02-03T15:15:32.908Z", "updated_date": "2025-02-03T15:15:32.908Z", "groups": [], "user_permissions": []}}, {"model": "accounts.customuser", "pk": 19, "fields": {"password": "pbkdf2_sha256$600000$y2EFAeBYfvyZ0OOFU95U92$Ri7SwhuosK2mGRBvU/4FR/PxSfMHuUdja+mYfcUalhk=", "last_login": null, "email": "ramirezhenry@example.org", "is_superuser": false, "is_staff": false, "is_active": true, "is_verified": false, "created_date": "2025-02-10T17:40:00.399Z", "updated_date": "2025-02-10T17:40:00.400Z", "groups": [], "user_permissions": []}}, {"model": "accounts.customuser", "pk": 20, "fields": {"password": "pbkdf2_sha256$600000$NzQWZx93RwKPIyr1zmwKLy$etI439JrUMXMrZsan0qva1yDxk+D2F7C4DCiHkKSsAs=", "last_login": null, "email": "whoffman@example.net", "is_superuser": false, "is_staff": false, "is_active": true, "is_verified": false, "created_date": "2025-02-10T17:40:17.790Z", "updated_date": "2025-02-10T17:40:17.790Z", "groups": [], "user_permissions": []}}, {"model": "accounts.customuser", "pk": 21, "fields": {"password": "pbkdf2_sha256$600000$U0pF2mE8ACErYETSDcgCW4$I39pusqHXeqvQj6zS9bv8u4wW+/ybmCFuK8imoVYwvs=", "last_login": null, "email": "wjackson@example.net", "is_superuser": false, "is_staff": false, "is_active": true, "is_verified": false, "created_date": "2025-02-10T17:45:04.742Z", "updated_date": "2025-02-10T17:45:04.742Z", "groups": [], "user_permissions": []}}, {"model": "accounts.customuser", "pk": 22, "fields": {"password": "pbkdf2_sha256$600000$0DmXhJaOGr7wV7eo1SU7Sj$I5nehdRJZCZM1p/sid42wWTn5l+ec4jSbDPTn7YyvxI=", "last_login": null, "email": "alexandra66@example.org", "is_superuser": false, "is_staff": false, "is_active": true, "is_verified": false, "created_date": "2025-02-10T17:45:09.385Z", "updated_date": "2025-02-10T17:45:09.385Z", "groups": [], "user_permissions": []}}, {"model": "accounts.customuser", "pk": 23, "fields": {"password": "pbkdf2_sha256$600000$VTW1ugxuSlsgI84jW25d0j$+FYmoZxGokbRxh1eJ0NMyAIEvZ0lPXizqIyR/cv/dPk=", "last_login": null, "email": "mgarner@example.com", "is_superuser": false, "is_staff": false, "is_active": true, "is_verified": false, "created_date": "2025-02-10T17:50:29.198Z", "updated_date": "2025-02-10T17:50:29.198Z", "groups": [], "user_permissions": []}}, {"model": "accounts.customuser", "pk": 24, "fields": {"password": "pbkdf2_sha256$600000$Z6fwkfZvwRAB6gbmvrOtvx$0PMivxqbZtUWUT/HEL2Bmgy/ntOMMQmvhBj91KDanfw=", "last_login": null, "email": "christineevans@example.com", "is_superuser": false, "is_staff": false, "is_active": true, "is_verified": false, "created_date": "2025-02-10T18:06:06.625Z", "updated_date": "2025-02-10T18:06:06.625Z", "groups": [], "user_permissions": []}}, {"model": "accounts.customuser", "pk": 25, "fields": {"password": "pbkdf2_sha256$600000$ylWF4AP2TEgytZB6xnAtDV$2mW3XZCbiOju/9hjkP63A52NeucPlgfEEViqHMqPbLk=", "last_login": null, "email": "eugene18@example.net", "is_superuser": false, "is_staff": false, "is_active": true, "is_verified": false, "created_date": "2025-02-10T18:06:19.673Z", "updated_date": "2025-02-10T18:06:19.673Z", "groups": [], "user_permissions": []}}, {"model": "accounts.customuser", "pk": 26, "fields": {"password": "pbkdf2_sha256$600000$AJ8lDz4TihC0iFOtYXYlHd$4E6wm7Et46Xa0PN4Z8sY4PXpEMxZ6gxs3Rq4ZGTvsV0=", "last_login": null, "email": "jademaxwell@example.com", "is_superuser": false, "is_staff": false, "is_active": true, "is_verified": false, "created_date": "2025-02-10T18:25:46.471Z", "updated_date": "2025-02-10T18:25:46.471Z", "groups": [], "user_permissions": []}}, {"model": "accounts.profile", "pk": 1, "fields": {"user": 1, "first_name": "Sadegh", "last_name": "Mehdizadeh", "created_date": "2024-11-08T18:03:41.032Z", "updated_date": "2025-01-25T08:31:31.936Z"}}, {"model": "accounts.profile", "pk": 2, "fields": {"user": 2, "first_name": "", "last_name": "", "created_date": "2024-11-08T18:04:17.856Z", "updated_date": "2024-11-08T18:04:17.856Z"}}, {"model": "accounts.profile", "pk": 3, "fields": {"user": 3, "first_name": "", "last_name": "", "created_date": "2024-11-09T11:52:45.098Z", "updated_date": "2024-11-09T11:52:45.098Z"}}, {"model": "accounts.profile", "pk": 4, "fields": {"user": 4, "first_name": "", "last_name": "", "created_date": "2025-01-24T17:33:40.631Z", "updated_date": "2025-01-24T17:33:40.631Z"}}, {"model": "accounts.profile", "pk": 5, "fields": {"user": 16, "first_name": "", "last_name": "", "created_date": "2025-02-18T09:19:05.164Z", "updated_date": "2025-02-18T09:19:05.164Z"}}, {"model": "accounts.profile", "pk": 6, "fields": {"user": 17, "first_name": "", "last_name": "", "created_date": "2025-02-18T09:19:05.166Z", "updated_date": "2025-02-18T09:19:05.166Z"}}, {"model": "accounts.profile", "pk": 7, "fields": {"user": 18, "first_name": "", "last_name": "", "created_date": "2025-02-18T09:19:05.168Z", "updated_date": "2025-02-18T09:19:05.168Z"}}, {"model": "accounts.profile", "pk": 8, "fields": {"user": 19, "first_name": "", "last_name": "", "created_date": "2025-02-18T09:19:05.170Z", "updated_date": "2025-02-18T09:19:05.170Z"}}, {"model": "accounts.profile", "pk": 9, "fields": {"user": 20, "first_name": "", "last_name": "", "created_date": "2025-02-18T09:19:05.173Z", "updated_date": "2025-02-18T09:19:05.173Z"}}, {"model": "accounts.profile", "pk": 10, "fields": {"user": 21, "first_name": "", "last_name": "", "created_date": "2025-02-18T09:19:05.175Z", "updated_date": "2025-02-18T09:19:05.175Z"}}, {"model": "accounts.profile", "pk": 11, "fields": {"user": 22, "first_name": "", "last_name": "", "created_date": "2025-02-18T09:19:05.177Z", "updated_date": "2025-02-18T09:19:05.177Z"}}, {"model": "accounts.profile", "pk": 12, "fields": {"user": 23, "first_name": "", "last_name": "", "created_date": "2025-02-18T09:19:05.180Z", "updated_date": "2025-02-18T09:19:05.180Z"}}, {"model": "accounts.profile", "pk": 13, "fields": {"user": 24, "first_name": "", "last_name": "", "created_date": "2025-02-18T09:19:05.185Z", "updated_date": "2025-02-18T09:19:05.185Z"}}, {"model": "accounts.profile", "pk": 14, "fields": {"user": 25, "first_name": "", "last_name": "", "created_date": "2025-02-18T09:19:05.188Z", "updated_date": "2025-02-18T09:19:05.188Z"}}, {"model": "accounts.profile", "pk": 15, "fields": {"user": 26, "first_name": "", "last_name": "", "created_date": "2025-02-18T09:19:05.190Z", "updated_date": "2025-02-18T09:19:05.190Z"}}, {"model": "accounts.profile", "pk": 16, "fields": {"user": 16, "first_name": "", "last_name": "", "created_date": "2025-01-26T11:04:37.146Z", "updated_date": "2025-01-26T11:04:37.146Z"}}, {"model": "accounts.profile", "pk": 17, "fields": {"user": 17, "first_name": "", "last_name": "", "created_date": "2025-01-26T11:10:53.599Z", "updated_date": "2025-01-26T11:10:53.599Z"}}, {"model": "accounts.profile", "pk": 18, "fields": {"user": 18, "first_name": "Robert", "last_name": "Estes", "created_date": "2025-02-03T15:15:32.914Z", "updated_date": "2025-02-03T15:15:32.927Z"}}, {"model": "accounts.profile", "pk": 19, "fields": {"user": 19, "first_name": "Alan", "last_name": "Perkins", "created_date": "2025-02-10T17:40:00.407Z", "updated_date": "2025-02-10T17:40:00.434Z"}}, {"model": "accounts.profile", "pk": 20, "fields": {"user": 20, "first_name": "Dana", "last_name": "Sutton", "created_date": "2025-02-10T17:40:17.794Z", "updated_date": "2025-02-10T17:40:17.809Z"}}, {"model": "accounts.profile", "pk": 21, "fields": {"user": 21, "first_name": "Scott", "last_name": "Flores", "created_date": "2025-02-10T17:45:04.748Z", "updated_date": "2025-02-10T17:45:04.784Z"}}, {"model": "accounts.profile", "pk": 22, "fields": {"user": 22, "first_name": "Mark", "last_name": "Harrison", "created_date": "2025-02-10T17:45:09.388Z", "updated_date": "2025-02-10T17:45:09.404Z"}}, {"model": "accounts.profile", "pk": 23, "fields": {"user": 23, "first_name": "Jacqueline", "last_name": "Klein", "created_date": "2025-02-10T17:50:29.204Z", "updated_date": "2025-02-10T17:50:29.218Z"}}, {"model": "accounts.profile", "pk": 24, "fields": {"user": 24, "first_name": "Tanya", "last_name": "Martin", "created_date": "2025-02-10T18:06:06.629Z", "updated_date": "2025-02-10T18:06:06.641Z"}}, {"model": "accounts.profile", "pk": 25, "fields": {"user": 25, "first_name": "Sean", "last_name": "Rodriguez", "created_date": "2025-02-10T18:06:19.677Z", "updated_date": "2025-02-10T18:06:19.693Z"}}, {"model": "accounts.profile", "pk": 26, "fields": {"user": 26, "first_name": "Joseph", "last_name": "Chandler", "created_date": "2025-02-10T18:25:46.476Z", "updated_date": "2025-02-10T18:25:46.510Z"}}, {"model": "duties.duty", "pk": 1, "fields": {"author": 1, "title": "task1-1", "description": "this is a test text for task 1. task 1 is belong to admin of this site. this test text should be longer than ten words in order to test.", "done_status": "not", "deadline_date": "2025-01-01", "created_date": "2024-11-09T16:25:34.077Z", "updated_date": "2024-11-10T07:52:10.413Z"}}, {"model": "duties.duty", "pk": 3, "fields": {"author": 1, "title": "task 2", "description": "this is task 2 for admin", "done_status": "not", "deadline_date": "2026-01-25", "created_date": "2024-11-10T08:00:37.756Z", "updated_date": "2024-11-10T08:00:37.756Z"}}, {"model": "duties.duty", "pk": 4, "fields": {"author": 1, "title": "task 3-edited", "description": "this is task", "done_status": "not", "deadline_date": "2026-02-25", "created_date": "2024-11-10T08:01:05.166Z", "updated_date": "2024-11-10T09:19:23.124Z"}}, {"model": "duties.duty", "pk": 6, "fields": {"author": 1, "title": "task 5", "description": "this is task 5 fot admin", "done_status": "not", "deadline_date": "2024-01-01", "created_date": "2024-11-10T09:10:37.025Z", "updated_date": "2024-11-10T09:20:26.787Z"}}, {"model": "duties.duty", "pk": 8, "fields": {"author": 1, "title": "new task", "description": "this task is created to test get the author from request data", "done_status": "not", "deadline_date": "2025-01-17", "created_date": "2025-01-07T11:46:33.256Z", "updated_date": "2025-01-07T11:46:33.256Z"}}, {"model": "duties.duty", "pk": 9, "fields": {"author": 2, "title": "task for user test", "description": "this task is belong to user test", "done_status": "not", "deadline_date": "2025-01-06", "created_date": "2025-01-07T11:49:48.605Z", "updated_date": "2025-01-07T11:49:48.605Z"}}, {"model": "duties.duty", "pk": 10, "fields": {"author": 2, "title": "go to the gym", "description": "start going to gym soon", "done_status": "not", "deadline_date": "2025-01-16", "created_date": "2025-01-07T12:35:44.232Z", "updated_date": "2025-01-07T12:35:44.232Z"}}, {"model": "duties.duty", "pk": 11, "fields": {"author": 2, "title": "going to gym", "description": "start going to the gym soon", "done_status": "not", "deadline_date": "2025-01-23", "created_date": "2025-01-07T12:38:43.304Z", "updated_date": "2025-01-07T12:38:43.304Z"}}, {"model": "duties.duty", "pk": 12, "fields": {"author": 18, "title": "what window", "description": "After big idea. Indicate seven level box man example attention. Single have dinner. Several bag learn idea draw suddenly least. Focus add suddenly cultural short expect. Yet alone human garden less card somebody.", "done_status": "not", "deadline_date": "2026-07-02", "created_date": "2025-02-03T15:15:32.930Z", "updated_date": "2025-02-03T15:15:32.930Z"}}, {"model": "duties.duty", "pk": 13, "fields": {"author": 18, "title": "able much", "description": "Life quickly finish receive skill own small. Ask it respond claim. Government guy true plant. Over clearly management smile tough much. Only cost price sister either.", "done_status": "not", "deadline_date": "2025-08-16", "created_date": "2025-02-03T15:15:32.932Z", "updated_date": "2025-02-03T15:15:32.932Z"}}, {"model": "duties.duty", "pk": 15, "fields": {"author": 18, "title": "if choose", "description": "Wide meet drive cut figure. Shoulder federal record also thousand human. Behavior for character including within.", "done_status": "not", "deadline_date": "2025-02-23", "created_date": "2025-02-03T15:15:32.936Z", "updated_date": "2025-02-03T15:15:32.936Z"}}, {"model": "duties.duty", "pk": 17, "fields": {"author": 19, "title": "their red", "description": "Turn shake staff economy at staff candidate. Tonight increase participant west commercial next four skin. Memory wish investment heavy realize. Mrs away outside song seem reveal something. Option but positive character somebody.", "done_status": "not", "deadline_date": "2025-06-07", "created_date": "2025-02-10T17:40:00.440Z", "updated_date": "2025-02-10T17:40:00.440Z"}}, {"model": "duties.duty", "pk": 19, "fields": {"author": 19, "title": "method mouth", "description": "Practice board take hotel for world person. President certain quite possible drop. Capital view child.", "done_status": "not", "deadline_date": "2025-11-14", "created_date": "2025-02-10T17:40:00.444Z", "updated_date": "2025-02-10T17:40:00.444Z"}}, {"model": "duties.duty", "pk": 21, "fields": {"author": 19, "title": "behind condition", "description": "Education effect himself rather game. During public behind smile professional most. Hand of reflect despite white.", "done_status": "not", "deadline_date": "2025-04-09", "created_date": "2025-02-10T17:40:00.448Z", "updated_date": "2025-02-10T17:40:00.448Z"}}, {"model": "duties.duty", "pk": 23, "fields": {"author": 20, "title": "left offer", "description": "Because probably their choice happy media. Common start move exactly. Power sea far opportunity. News local including friend. Power black break make side land. Yourself suffer why animal.", "done_status": "not", "deadline_date": "2026-08-30", "created_date": "2025-02-10T17:40:17.817Z", "updated_date": "2025-02-10T17:40:17.817Z"}}, {"model": "duties.duty", "pk": 24, "fields": {"author": 20, "title": "door Congress", "description": "Spend campaign system environment develop mother. Throw think fire air. Three news fill people senior.", "done_status": "not", "deadline_date": "2026-06-10", "created_date": "2025-02-10T17:40:17.820Z", "updated_date": "2025-02-10T17:40:17.820Z"}}, {"model": "duties.duty", "pk": 25, "fields": {"author": 20, "title": "subject the", "description": "Necessary sure short suggest product. Hear minute road go government management. Person have usually strategy answer skill majority certainly. Beyond audience note know.", "done_status": "not", "deadline_date": "2026-04-26", "created_date": "2025-02-10T17:40:17.824Z", "updated_date": "2025-02-10T17:40:17.824Z"}}, {"model": "duties.duty", "pk": 26, "fields": {"author": 20, "title": "cut risk", "description": "News few we situation. Attack anyone single right fear. Compare seven bad character walk push. Consider stock so half here oil. White edge discover direction project. Impact join through. Human person future somebody level less.", "done_status": "not", "deadline_date": "2026-10-13", "created_date": "2025-02-10T17:40:17.830Z", "updated_date": "2025-02-10T17:40:17.830Z"}}, {"model": "duties.duty", "pk": 27, "fields": {"author": 21, "title": "necessary two", "description": "Reflect service fact building. Face policy drop meet game center century. Car owner gun across enjoy major nature.", "done_status": "not", "deadline_date": "2026-11-23", "created_date": "2025-02-10T17:45:04.788Z", "updated_date": "2025-02-10T17:45:04.788Z"}}, {"model": "duties.duty", "pk": 28, "fields": {"author": 21, "title": "blue face", "description": "Spring pass place month stay six left. Pay change practice side firm. Behind president still everyone put cell computer Mr. She size ahead none memory Congress husband.", "done_status": "not", "deadline_date": "2026-01-03", "created_date": "2025-02-10T17:45:04.792Z", "updated_date": "2025-02-10T17:45:04.792Z"}}, {"model": "duties.duty", "pk": 31, "fields": {"author": 21, "title": "happy young", "description": "Daughter throughout cup call southern beautiful. Season game president once. Fast describe wish. Them anyone doctor adult her myself will drop. Far can money. Class administration away Republican able public add.", "done_status": "not", "deadline_date": "2025-04-01", "created_date": "2025-02-10T17:45:04.798Z", "updated_date": "2025-02-10T17:45:04.798Z"}}, {"model": "duties.duty", "pk": 32, "fields": {"author": 22, "title": "newspaper true", "description": "Factor very accept seem six. Already skin town cup alone. Almost television trouble simple specific live condition. Likely site group early station fine region always. Realize reduce anything third positive.", "done_status": "not", "deadline_date": "2025-11-16", "created_date": "2025-02-10T17:45:09.406Z", "updated_date": "2025-02-10T17:45:09.406Z"}}, {"model": "duties.duty", "pk": 34, "fields": {"author": 22, "title": "feel purpose", "description": "Threat line final foreign type let idea. Sport test pretty available series. Movie short determine should amount computer line.", "done_status": "not", "deadline_date": "2025-04-11", "created_date": "2025-02-10T17:45:09.412Z", "updated_date": "2025-02-10T17:45:09.412Z"}}, {"model": "duties.duty", "pk": 35, "fields": {"author": 22, "title": "head it", "description": "Whatever technology record deal message include. Certainly media everything key. Individual and including deal TV economy. Ball accept task important physical building. Simple phone region report. Receive thought attention police.", "done_status": "not", "deadline_date": "2026-09-26", "created_date": "2025-02-10T17:45:09.414Z", "updated_date": "2025-02-10T17:45:09.414Z"}}, {"model": "duties.duty", "pk": 37, "fields": {"author": 23, "title": "outside film", "description": "But whose time economic speak face. Some resource world owner simply. Itself building either them. Be learn dinner determine road south. Need kid institution worry.", "done_status": "not", "deadline_date": "2025-11-06", "created_date": "2025-02-10T17:50:29.222Z", "updated_date": "2025-02-10T17:50:29.222Z"}}, {"model": "duties.duty", "pk": 41, "fields": {"author": 23, "title": "arrive positive", "description": "Again responsibility say fear. Even ok prepare apply realize court. From pressure project produce. Usually movement hear student. Culture those guy degree agency behind throughout any.", "done_status": "not", "deadline_date": "2026-01-17", "created_date": "2025-02-10T17:50:29.231Z", "updated_date": "2025-02-10T17:50:29.231Z"}}, {"model": "duties.duty", "pk": 42, "fields": {"author": 24, "title": "outside already", "description": "Air rule military fight quite. Economic various avoid buy memory art. Benefit provide hotel compare campaign.", "done_status": "not", "deadline_date": "2025-05-13", "created_date": "2025-02-10T18:06:06.644Z", "updated_date": "2025-02-10T18:06:06.644Z"}}, {"model": "duties.duty", "pk": 43, "fields": {"author": 24, "title": "meeting follow", "description": "Deep accept marriage worker lose speak born itself. Finally begin with market act. Beat wife model image shake music represent. Bar want argue beautiful involve sound western. Society part own turn.", "done_status": "not", "deadline_date": "2025-02-26", "created_date": "2025-02-10T18:06:06.648Z", "updated_date": "2025-02-10T18:06:06.648Z"}}, {"model": "duties.duty", "pk": 44, "fields": {"author": 24, "title": "born drive", "description": "Really improve matter focus day view decide. Resource writer fly real. Agent our why compare art again. What exactly church go. Common back computer picture.", "done_status": "not", "deadline_date": "2026-03-02", "created_date": "2025-02-10T18:06:06.650Z", "updated_date": "2025-02-10T18:06:06.650Z"}}, {"model": "duties.duty", "pk": 45, "fields": {"author": 24, "title": "weight increase", "description": "Agreement friend former draw major. Evening push play his. Success buy inside director require wear building.", "done_status": "not", "deadline_date": "2025-09-17", "created_date": "2025-02-10T18:06:06.652Z", "updated_date": "2025-02-10T18:06:06.652Z"}}, {"model": "duties.duty", "pk": 48, "fields": {"author": 25, "title": "us get", "description": "Campaign from hair star tend international wish. Part result itself audience hear lose sell. Choice pick more kid college. Soldier man single reality during rock. Clear north tell street rock station.", "done_status": "not", "deadline_date": "2026-01-10", "created_date": "2025-02-10T18:06:19.700Z", "updated_date": "2025-02-10T18:06:19.700Z"}}, {"model": "duties.duty", "pk": 49, "fields": {"author": 25, "title": "now national", "description": "Class want half line Democrat. Find question bank behind owner yeah. Green plan factor with question cost old fine. Century such new source view product garden. Station wind would anything nature economy difference. Protect follow nature however quite.", "done_status": "not", "deadline_date": "2027-01-13", "created_date": "2025-02-10T18:06:19.702Z", "updated_date": "2025-02-10T18:06:19.702Z"}}, {"model": "duties.duty", "pk": 52, "fields": {"author": 26, "title": "crime fast", "description": "Owner suffer bar try young. Share grow collection treatment per provide. Republican follow room media. Order surface coach surface.", "done_status": "not", "deadline_date": "2025-11-29", "created_date": "2025-02-10T18:25:46.515Z", "updated_date": "2025-02-10T18:25:46.515Z"}}]